{
  "fps": 30.0,
  "keys": {
    "0": {
      "Chest": [
        0.0523359589278698,
        0.0,
        0.0,
        0.998629510402679
      ],
      "Head": [
        0.0,
        0.0,
        0.0,
        1.0
      ],
      "Hips": [
        0.0,
        0.0,
        0.0,
        1.0
      ],
      "LeftLowerArm": [
        -0.0616284124553204,
        -0.704416036605835,
        0.0616284124553204,
        0.704416036605835
      ],
      "LeftShoulder": [
        0.5,
        0.5,
        0.5,
        -0.5
      ],
      "LeftUpperArm": [
        0.0,
        0.887010812759399,
        -0.461748600006104,
        0.0
      ],
      "Neck": [
        0.0,
        0.0,
        0.0,
        1.0
      ],
      "RightLowerArm": [
        -0.0914731100201607,
        0.703821241855621,
        -0.0348780229687691,
        0.703599274158478
      ],
      "RightShoulder": [
        0.5,
        -0.5,
        -0.5,
        -0.5
      ],
      "RightUpperArm": [
        -0.656177222728729,
        0.668876647949219,
        0.349335908889771,
        0.0
      ],
      "Spine": [
        0.0,
        0.0,
        0.0,
        1.0
      ],
      "UpperChest": [
        0.0,
        0.0,
        0.0,
        1.0
      ]
    },
    "12": {
      "Chest": [
        -0.0523359589278698,
        0.00000000000000000917196061172273,
        -0.00000000000000000048068209858008,
        0.998629510402679
      ],
      "Head": [
        0.0,
        -0.00000000000000000734763775897479,
        0.0,
        1.0
      ],
      "Hips": [
        0.0,
        0.0,
        0.0,
        1.0
      ],
      "LeftLowerArm": [
        -0.0616284124553204,
        -0.704416036605835,
        0.0616284124553204,
        0.704416036605835
      ],
      "LeftShoulder": [
        0.5,
        0.5,
        0.5,
        -0.5
      ],
      "LeftUpperArm": [
        0.0,
        0.887010812759399,
        -0.461748600006104,
        0.0
      ],
      "Neck": [
        0.0,
        0.0,
        0.0,
        1.0
      ],
      "RightLowerArm": [
        -0.10320832580328,
        0.703329563140869,
        -0.0173621568828821,
        0.703117430210114
      ],
      "RightShoulder": [
        0.5,
        -0.5,
        -0.5,
        -0.5
      ],
      "RightUpperArm": [
        0.716246366500854,
        0.675924897193909,
        -0.173541650176048,
        0.0000000104022594982212
      ],
      "Spine": [
        0.0,
        0.00000000000000000918454781910395,
        0.0,
        1.0
      ],
      "UpperChest": [
        0.0,
        0.0,
        0.0,
        1.0
      ]
    },
    "15": {
      "Chest": [
        -0.0369635298848152,
        -0.052971825003624,
        0.00196212693117559,
        0.997909724712372
      ],
      "Head": [
        0.0,
        0.0424136817455292,
        0.0,
        0.999100148677826
      ],
      "Hips": [
        0.0,
        0.0,
        0.0,
        1.0
      ],
      "LeftLowerArm": [
        -0.0616284124553204,
        -0.704416036605835,
        0.0616284124553204,
        0.704416036605835
      ],
      "LeftShoulder": [
        0.5,
        0.5,
        0.5,
        -0.5
      ],
      "LeftUpperArm": [
        0.0,
        0.869311034679413,
        -0.494265407323837,
        0.0
      ],
      "Neck": [
        0.0,
        0.0,
        0.0,
        1.0
      ],
      "RightLowerArm": [
        -0.083059586584568,
        0.702994883060455,
        -0.0712579563260078,
        0.702724456787109
      ],
      "RightShoulder": [
        0.5,
        -0.5,
        -0.5,
        -0.5
      ],
      "RightUpperArm": [
        0.296085357666016,
        0.949966132640839,
        -0.0994877591729164,
        0.00000000392149779315787
      ],
      "Spine": [
        0.0,
        -0.0530081540346146,
        0.0,
        0.998594105243683
      ],
      "UpperChest": [
        0.0,
        0.0,
        0.0,
        1.0
      ]
    },
    "18": {
      "Chest": [
        -0.00000000000000000959099790233291,
        -0.0749297067523003,
        0.00000000000000000072067661089224,
        0.997188806533813
      ],
      "Head": [
        0.0,
        0.0599640049040318,
        0.0,
        0.998200535774231
      ],
      "Hips": [
        0.0,
        0.0,
        0.0,
        1.0
      ],
      "LeftLowerArm": [
        -0.0616284124553204,
        -0.704416036605835,
        0.0616284124553204,
        0.704416036605835
      ],
      "LeftShoulder": [
        0.5,
        0.5,
        0.5,
        -0.5
      ],
      "LeftUpperArm": [
        0.0,
        0.861629128456116,
        -0.507538378238678,
        0.0
      ],
      "Neck": [
        0.0,
        0.0,
        0.0,
        1.0
      ],
      "RightLowerArm": [
        -0.0700109675526619,
        0.703193426132202,
        -0.080669105052948,
        0.702929615974426
      ],
      "RightShoulder": [
        0.5,
        -0.5,
        -0.5,
        -0.5
      ],
      "RightUpperArm": [
        -0.18072572350502,
        0.982846915721893,
        0.0367453247308731,
        0.00000000165825886355719
      ],
      "Spine": [
        0.0,
        -0.0749297067523003,
        0.0,
        0.997188806533813
      ],
      "UpperChest": [
        0.0,
        0.0,
        0.0,
        1.0
      ]
    },
    "21": {
      "Chest": [
        0.0369635298848152,
        -0.052971825003624,
        -0.00196212693117559,
        0.997909724712372
      ],
      "Head": [
        0.0,
        0.0424136817455292,
        0.0,
        0.999100148677826
      ],
      "Hips": [
        0.0,
        0.0,
        0.0,
        1.0
      ],
      "LeftLowerArm": [
        -0.0616284124553204,
        -0.704416036605835,
        0.0616284124553204,
        0.704416036605835
      ],
      "LeftShoulder": [
        0.5,
        0.5,
        0.5,
        -0.5
      ],
      "LeftUpperArm": [
        0.0,
        0.869311034679413,
        -0.494265407323837,
        0.0
      ],
      "Neck": [
        0.0,
        0.0,
        0.0,
        1.0
      ],
      "RightLowerArm": [
        -0.0823877230286598,
        0.703618943691254,
        -0.0583095289766788,
        0.703372299671173
      ],
      "RightShoulder": [
        0.5,
        -0.5,
        -0.5,
        -0.5
      ],
      "RightUpperArm": [
        -0.485388964414597,
        0.846364080905914,
        0.219238236546516,
        -0.00000000440152225777979
      ],
      "Spine": [
        0.0,
        -0.0530081540346146,
        0.0,
        0.998594105243683
      ],
      "UpperChest": [
        0.0,
        0.0,
        0.0,
        1.0
      ]
    },
    "3": {
      "Chest": [
        0.0369635298848152,
        0.052971825003624,
        0.00196212693117559,
        0.997909724712372
      ],
      "Head": [
        0.0,
        -0.0424136817455292,
        0.0,
        0.999100148677826
      ],
      "Hips": [
        0.0,
        0.0,
        0.0,
        1.0
      ],
      "LeftLowerArm": [
        -0.0616284124553204,
        -0.704416036605835,
        0.0616284124553204,
        0.704416036605835
      ],
      "LeftShoulder": [
        0.5,
        0.5,
        0.5,
        -0.5
      ],
      "LeftUpperArm": [
        0.0,
        0.903494834899902,
        -0.428598970174789,
        0.0
      ],
      "Neck": [
        0.0,
        0.0,
        0.0,
        1.0
      ],
      "RightLowerArm": [
        -0.093498095870018,
        0.703844606876373,
        -0.0276267752051353,
        0.70363175868988
      ],
      "RightShoulder": [
        0.5,
        -0.5,
        -0.5,
        -0.5
      ],
      "RightUpperArm": [
        0.82266104221344,
        -0.450689852237701,
        -0.346565306186676,
        0.0
      ],
      "Spine": [
        0.0,
        0.0530081540346146,
        0.0,
        0.998594105243683
      ],
      "UpperChest": [
        0.0,
        0.0,
        0.0,
        1.0
      ]
    },