{
  "fps": 30.0,
  "keys": {
    "0": {
      "Chest": [
        -0.0519276186823845,
        0.124503865838051,
        -0.00652497168630362,
        0.990837872028351
      ],
      "Head": [
        0.0,
        -0.0998334214091301,
        0.0,
        0.995004177093506
      ],
      "Hips": [
        0.0,
        0.0,
        0.0,
        1.0
      ],
      "LeftLowerArm": [
        -0.0616284124553204,
        -0.704416036605835,
        0.0616284124553204,
        0.704416036605835
      ],
      "LeftShoulder": [
        0.5,
        0.5,
        0.5,
        -0.5
      ],
      "LeftUpperArm": [
        0.0,
        0.906307756900787,
        -0.422618269920349,
        0.0
      ],
      "Neck": [
        0.0,
        0.0,
        0.0,
        1.0
      ],
      "RightLowerArm": [
        -0.0319484770298004,
        0.703710734844208,
        0.0917399302124977,
        0.703814089298248
      ],
      "RightShoulder": [
        0.5,
        -0.5,
        -0.5,
        -0.5
      ],
      "RightUpperArm": [
        -0.562621295452118,
        0.19029788672924,
        0.804514765739441,
        -0.0000000601962497626118
      ],
      "Spine": [
        0.0,
        0.12467473000288,
        0.0,
        0.992197692394257
      ],
      "UpperChest": [
        0.0,
        0.0,
        0.0,
        1.0
      ]
    },
    "4": {
      "Chest": [
        0.17278066277504,
        -0.0983167216181755,
        -0.0173358917236328,
        0.979887783527374
      ],
      "Head": [
        0.0,
        0.0799146890640259,
        0.0,
        0.996801733970642
      ],
      "Hips": [
        0.0,
        0.0,
        0.0,
        1.0
      ],
      "LeftLowerArm": [
        -0.0616284124553204,
        -0.704416036605835,
        0.0616284124553204,
        0.704416036605835
      ],
      "LeftShoulder": [
        0.5,
        0.5,
        0.5,
        -0.5
      ],
      "LeftUpperArm": [
        0.0,
        0.874619722366333,
        -0.48480960726738,
        0.0
      ],
      "Neck": [
        0.0,
        0.0,
        0.0,
        1.0
      ],
      "RightLowerArm": [
        0.0893201008439064,
        0.703490495681763,
        0.0435431599617004,
        0.703723728656769
      ],
      "RightShoulder": [
        0.5,
        -0.5,
        -0.5,
        -0.5
      ],
      "RightUpperArm": [
        0.80180162191391,
        -0.506056249141693,
        0.317838370800018,
        -0.00000000929229937440823
      ],
      "Spine": [
        0.0,
        -0.0998334214091301,
        0.0,
        0.995004177093506
      ],
      "UpperChest": [
        0.0,
        0.0,
        0.0,
        1.0
      ]
    },
    "9": {
      "Chest": [
        0.0261769499629736,
        0.0,
        0.0,
        0.999657332897186
      ],
      "Head": [
        0.0,
        0.0,
        0.0,
        1.0
      ],
      "Hips": [
        0.0,
        0.0,
        0.0,
        1.0
      ],
      "LeftLowerArm": [
        -0.0616284124553204,
        -0.704416036605835,
        0.0616284124553204,
        0.704416036605835
      ],
      "LeftShoulder": [
        0.5,
        0.5,
        0.5,
        -0.5
      ],
      "LeftUpperArm": [
        0.0,
        0.874619722366333,
        -0.48480960726738,
        0.0
      ],
      "Neck": [
        0.0,
        0.0,
        0.0,
        1.0
      ],
      "RightLowerArm": [
        0.11993595957756,
        0.701829969882965,
        -0.0149832889437675,
        0.702015340328217
      ],
      "RightShoulder": [
        0.5,
        -0.5,
        -0.5,
        -0.5
      ],
      "RightUpperArm": [
        0.415594458580017,
        -0.435310751199722,
        0.798614919185638,
        0.0000000186587563177909
      ],
      "Spine": [
        0.0,
        0.0,
        0.0,
        1.0
      ],
      "UpperChest": [
        0.0,
        0.0,
        0.0,
        1.0
      ]
    }
  },
  "length": 12,
  "loop": false
}